Date,Open,High,Low,Close,Adj Close,Volume,MA for 10 days,MA for 20 days,MA for 50 days,MA for 100 days,EMA for 10 days,EMA for 20 days,EMA for 50 days,EMA for 100 days,Daily Return
2023-06-08,58.54999923706055,59.38999938964844,58.060001373291016,59.16999816894531,56.36454391479492,2467300,,,,,59.16999816894531,59.16999816894531,59.16999816894531,59.16999816894531,
2023-06-09,59.349998474121094,59.779998779296875,58.959999084472656,59.27000045776367,56.459808349609375,1533000,,,,,59.18818040327592,59.17952219645182,59.17391982733035,59.17197841228825,0.16900843656075804
2023-06-12,59.060001373291016,59.209999084472656,58.68000030517578,58.9900016784668,56.19308090209961,1366500,,,,,59.152147907856076,59.16147262331039,59.16670735090433,59.16837491260861,-0.4724123116827128
2023-06-13,59.189998626708984,60.34000015258789,59.15999984741211,59.959999084472656,57.117088317871094,1694700,,,,,59.29902993996818,59.2375227624687,59.19781683065211,59.184050638784136,1.6443420552739951
2023-06-14,60.31999969482422,60.5099983215332,59.77000045776367,59.959999084472656,57.117088317871094,1558600,,,,,59.4192061480599,59.306330031230985,59.22770633080194,59.19941595454034,0.0
2023-06-15,60.0,61.130001068115234,59.90999984741211,60.97999954223633,58.08872985839844,1590000,,,,,59.702986765182885,59.465727127517205,59.296423711642504,59.23467503548482,1.701134878815913
2023-06-16,61.02000045776367,61.380001068115234,60.959999084472656,61.15999984741211,58.260196685791016,1978500,,,,,59.967898234679105,59.62708643417386,59.36950512873151,59.27280027928536,0.29517924979829413
2023-06-20,61.0,61.0099983215332,60.36000061035156,60.61000061035156,57.73627471923828,1637300,,,,,60.084644121165,59.72069730809555,59.41815201036367,59.29927949376192,-0.8992793303347568
2023-06-21,60.619998931884766,60.779998779296875,60.290000915527344,60.599998474121094,57.726741790771484,3936100,,,,,60.17834491261156,59.80444027628846,59.46449893051103,59.32503630525419,-0.016502451954703012
2023-06-22,60.47999954223633,60.54999923706055,59.619998931884766,59.790000915527344,56.95515060424805,3412200,60.04899978637695,,,,60.1077369131417,59.803065099073116,59.47726371423716,59.334243525259595,-1.3366296682988499
2023-06-23,59.060001373291016,59.279998779296875,58.849998474121094,59.130001068115234,56.326446533203125,1485600,60.045000076293945,,,,59.929966759500516,59.738963762791414,59.46364557125199,59.33019912016763,-1.103863250218995
2023-06-26,59.20000076293945,60.5,59.16999816894531,60.290000915527344,57.43144226074219,1522200,60.14700012207031,,,,59.995427515141756,59.79144349162341,59.49605166318435,59.34920509631337,1.961778837236694
2023-06-27,60.45000076293945,60.959999084472656,60.25,60.7599983215332,57.87915802001953,2526900,60.32399978637695,,,,60.134440389031106,59.88368680875768,59.545618198805876,59.37714159582267,0.7795611193709862
2023-06-28,60.54999923706055,60.79999923706055,60.20000076293945,60.75,57.869632720947266,2323500,60.40299987792969,,,,60.24636031829817,59.96619282697123,59.59284885767624,59.40432691075687,-0.016455434182693907
2023-06-29,60.880001068115234,61.52000045776367,60.65999984741211,61.5099983215332,58.593597412109375,2418500,60.557999801635745,,,,60.476112682522725,60.11322192169142,59.6680311895922,59.4460233743366,1.2510260436760623
2023-06-30,61.77000045776367,62.29999923706055,61.619998931884766,62.0099983215332,59.06989288330078,2229100,60.66099967956543,,,,60.75500098052463,60.293867293104924,59.75987303790361,59.4967951554692,0.8128759773107674
2023-07-03,62.22999954223633,62.86000061035156,62.13999938964844,62.790000915527344,59.81290817260742,527200,60.82399978637695,,,,61.125000968706935,60.5315943047642,59.87870158212415,59.562007150717875,1.2578658524544428
2023-07-05,62.630001068115234,62.900001525878906,62.29999923706055,62.619998931884766,59.65096664428711,3841300,61.02499961853027,,,,61.396818780193804,60.73048998353758,59.98620343897751,59.62256144341425,-0.27074690422649317
2023-07-06,62.060001373291016,62.060001373291016,60.630001068115234,60.93000030517578,58.041099548339844,7166800,61.057999801635745,,,,61.31194269382689,60.749490966550745,60.023215080789214,59.64845132186497,-2.6988161219026696
2023-07-07,60.029998779296875,61.25,60.0099983215332,60.88999938964844,58.69465255737305,4544000,61.16799964904785,60.608499717712405,,,61.2352257294308,60.76287272113148,60.05720662231311,59.67303643211811,-0.06565060779090137
2023-07-10,60.75,61.20000076293945,60.66999816894531,61.040000915527344,58.83924865722656,1396600,61.35899963378906,60.70199985504151,,,61.19973030872108,60.78926588250251,60.09574757498818,59.70010503574998,0.24634837803005905
2023-07-11,61.290000915527344,61.56999969482422,60.95000076293945,61.54999923706055,59.33085632324219,1168900,61.48499946594238,60.815999794006345,,,61.26341556841916,60.8617166781747,60.1527770519322,59.73673660409276,0.8355149310023569
2023-07-12,62.09000015258789,62.33000183105469,61.72999954223633,62.2400016784668,59.9959831237793,2255400,61.63299980163574,60.978499794006346,,,61.44097667933691,60.99298191629776,60.23462899807081,59.78630620952591,1.1210437854738187
2023-07-13,62.63999938964844,63.650001525878906,62.599998474121094,63.4900016784668,61.20091247558594,1490900,61.90699996948242,61.15499992370606,,,61.81352667917871,61.230793322218624,60.362290671811834,59.85964671386137,2.008354701623438
2023-07-14,63.86000061035156,63.93000030517578,63.18000030517578,63.43000030517578,61.1430778503418,1525900,62.09900016784668,61.328499984741214,,,62.10743097481454,61.44024160630978,60.482593010375126,59.930346784976514,-0.09450523185505766
2023-07-17,63.38999938964844,63.970001220703125,63.36000061035156,63.88999938964844,61.586490631103516,2065900,62.287000274658205,61.473999977111816,,,62.43153432296616,61.673551871389655,60.61621678995447,60.008755747445264,0.7252074448360402
2023-07-18,63.86000061035156,64.7699966430664,63.59000015258789,64.55000305175781,62.22270202636719,3562800,62.46300048828125,61.6435001373291,,,62.81671045547373,61.94749960285329,60.77048291786833,60.09868143663957,1.0330312543660902
2023-07-19,64.69999694824219,65.4800033569336,64.47000122070312,65.3499984741211,62.99384689331055,1858900,62.73600044250488,61.88050003051758,,,63.277308277045975,62.27154711440261,60.95007176321158,60.2026679126293,1.239342191388948
2023-07-20,65.4000015258789,65.5199966430664,64.61000061035156,65.12000274658203,62.77214431762695,1489500,63.15500068664551,62.106500244140626,,,63.61234363514343,62.5428286031816,61.1135984684418,60.30004087963827,-0.35194450330422455
2023-07-21,65.12000274658203,65.36000061035156,64.93000030517578,65.26000213623047,62.907100677490234,1173400,63.59200096130371,62.380000305175784,,,63.91191790806835,62.80160703490054,61.27620253384528,60.39825793422425,0.21498676864810662
2023-07-24,65.26000213623047,65.91000366210938,65.01000213623047,65.55000305175781,63.18663787841797,2126400,64.04300117492676,62.70100040435791,,,64.20975157055733,63.063359036506,61.443802554155575,60.50027268902689,0.4443777291363915
2023-07-25,65.58999633789062,65.69000244140625,64.4800033569336,64.69999694824219,62.367286682128906,1634700,64.35800094604492,62.92150020599365,,,64.29888709377276,63.21922931381421,61.571496451962894,60.58343554564502,-1.2967293118880008
2023-07-26,64.37000274658203,65.30000305175781,64.30000305175781,65.12000274658203,62.77214431762695,1567800,64.64600105285645,63.13950042724609,,,64.44818084882898,63.40025535503019,61.7106535615558,60.673268559524956,0.6491589152250343
2023-07-27,65.31999969482422,65.66000366210938,64.73999786376953,64.87000274658203,62.531158447265625,2817100,64.78400115966797,63.3455005645752,,,64.52487573932953,63.54023129708274,61.83454960802742,60.75637220679341,-0.3839066177145134
2023-07-28,65.38999938964844,65.5999984741211,64.9800033569336,65.02999877929688,62.685386657714844,2196900,64.94400100708008,63.52150058746338,,,64.61671629205087,63.68211391443647,61.95986134023407,60.84099847555586,0.24664101424487495
2023-07-31,65.1500015258789,66.1500015258789,65.08999633789062,65.94000244140625,63.56258010864258,3008300,65.14900131225586,63.71800079345703,,,64.85731377375184,63.89715091700502,62.11594530498592,60.94196885111725,1.399359801924338
2023-08-01,65.52999877929688,65.58000183105469,64.94000244140625,65.27999877929688,62.92637252807617,2013300,65.22200088500976,63.84250068664551,,,64.93416559294184,64.02885071341377,62.24002583339027,61.02787043385349,-1.0009154347481952
2023-08-02,64.62999725341797,64.69000244140625,63.88999938964844,64.37999725341797,62.05881881713867,1761000,65.12500076293945,63.93050060272217,,,64.83340771302841,64.06229324103322,62.3239462812345,61.09424918275575,-1.3786788338058797
2023-08-03,64.01000213623047,64.47000122070312,63.47999954223633,64.36000061035156,62.039546966552734,1534600,65.0490005493164,64.10200061798096,,,64.74733369435988,64.09064632382544,62.403791549043014,61.15891752785666,-0.0310603353828931
2023-08-04,64.3499984741211,65.22000122070312,64.3499984741211,64.55000305175781,62.22270202636719,1537000,64.97800064086914,64.28500080108643,,,64.71145539570496,64.13439458362852,62.48795670601222,61.22606773625074,0.2952182094536626
2023-08-07,64.75,65.16000366210938,64.66999816894531,64.79000091552734,62.45404052734375,635300,64.9020004272461,64.47250080108643,,,64.72573639930903,64.1968332819046,62.57823294952262,61.29664067049384,0.37180147548110387
2023-08-08,63.7599983215332,63.86000061035156,63.25,63.68000030517578,61.384063720703125,1614800,64.80000076293945,64.5790008544922,,,64.53560256401207,64.14761109364471,62.62143951248942,61.34383591078456,-1.7132282677365218
2023-08-09,63.560001373291016,63.869998931884766,63.18000030517578,63.5099983215332,61.22018814086914,1335000,64.63900032043458,64.6425006866455,,,64.34912906537954,64.08688606772934,62.656284955981334,61.3867302159479,-0.26696291273221595
2023-08-10,63.880001068115234,64.51000213623047,63.7599983215332,63.849998474121094,61.54793167114258,2716100,64.53699989318848,64.66050052642822,,,64.2583780487871,64.06432534452856,62.703097250810345,61.435507805218656,0.5353490183806375
2023-08-11,63.540000915527344,64.37999725341797,63.540000915527344,64.12999725341797,61.817832946777344,1333800,64.44699974060059,64.69550037384033,,,64.2350360859927,64.07057981204183,62.759054113657704,61.488864031915675,0.43852589818049736
2023-08-14,63.970001220703125,64.11000061035156,63.47999954223633,63.790000915527344,61.49009704589844,1282700,64.2319995880127,64.69050045013428,,,64.15412060045355,64.04385801237378,62.799483400005535,61.534431098917885,-0.5301673981788713
2023-08-15,63.34000015258789,63.34000015258789,62.150001525878906,62.43000030517578,60.17913055419922,2454100,63.94699974060059,64.58450031280518,,,63.84064418313032,63.89015727835492,62.784993866874956,61.55216514260616,-2.131996536812275
2023-08-16,62.150001525878906,62.63999938964844,62.0,62.209999084472656,59.967063903808594,1337200,63.72999992370605,64.42750034332275,,,63.544163256101655,63.73014221227089,62.76244505187879,61.56519155729658,-0.3523966356362207
2023-08-17,62.630001068115234,62.83000183105469,61.88999938964844,61.9900016784668,59.7549934387207,1296200,63.49300003051758,64.271000289917,,,63.261588423804405,63.56441454238479,62.73215315488225,61.573603638903904,-0.35363672921314704
2023-08-18,61.630001068115234,62.20000076293945,61.54999923706055,61.91999816894531,59.68751525878906,1970100,63.22999954223633,64.10400009155273,62.6034001159668,,63.017662922920934,63.407803459200075,62.700303939747464,61.580462936528484,-0.11292709731576256
2023-08-21,62.18000030517578,62.38999938964844,61.5,61.68000030517578,59.456172943115234,1884200,62.91899948120117,63.91049995422363,62.653600158691404,,62.77445153787636,63.243250777864425,62.66029203250936,61.5824339735314,-0.38759346070184053
2023-08-22,61.63999938964844,61.779998779296875,60.650001525878906,60.86000061035156,58.66573715209961,7280100,62.63699951171875,63.7185001373291,62.68540016174316,,62.42636955105366,63.01627457143463,62.58969236889533,61.568128362379326,-1.3294417813992987
2023-08-23,60.849998474121094,61.869998931884766,60.70000076293945,61.529998779296875,59.311580657958984,1367700,62.438999557495116,63.53899993896484,62.736200103759764,,62.26339304709788,62.874724495992936,62.548135757538525,61.56737332113016,1.1008842626126336
2023-08-24,60.810001373291016,60.81999969482422,59.38999938964844,59.40999984741211,57.26801300048828,2887400,61.994999694824216,63.26599979400635,62.72520011901855,,61.744594283518644,62.54475071993762,62.425071604200234,61.52465305432386,-3.445472085070289
2023-08-25,59.369998931884766,59.45000076293945,57.880001068115234,59.08000183105469,56.949913024902344,5022300,61.49000015258789,62.968499946594235,62.7076001739502,,61.2601229285252,62.2147746352821,62.29389239741021,61.476244119209625,-0.5554587059501515
2023-08-28,59.34000015258789,60.630001068115234,59.29999923706055,60.29999923706055,58.12592697143555,2050000,61.140999984741214,62.686499786376956,62.69400016784668,,61.08555498462253,62.032415073546716,62.21570050876905,61.452952141345285,2.064992160112933
2023-08-29,60.16999816894531,61.59000015258789,60.060001373291016,61.38999938964844,59.1766242980957,2202100,61.03699989318848,62.491999816894534,62.698600158691406,,61.140908512809055,61.97123262746116,62.1833200727251,61.451705552202775,1.8076287999651885
2023-08-30,61.7400016784668,61.97999954223633,61.33000183105469,61.63999938964844,59.41761016845703,1451400,60.97999992370605,62.35499992370605,62.719200134277344,,61.23165230859803,61.93968660481233,62.16201337927112,61.455434143043284,0.40723245233027505
2023-08-31,61.61000061035156,61.95000076293945,60.81999969482422,61.0099983215332,58.81032943725586,1438600,60.8819995880127,62.187499809265134,62.727400131225586,,61.19135158367715,61.85114486354765,62.11683631818336,61.44661363172625,-1.0220653380165867
2023-09-01,61.25,61.65999984741211,61.06999969482422,61.22999954223633,59.02239227294922,1936000,60.8129997253418,62.02149963378906,62.75620010375977,,61.198378485233356,61.79198816627991,62.08205840540113,61.442324243815555,0.36059863424955374
2023-09-05,61.029998779296875,61.279998779296875,60.61000061035156,60.63999938964844,58.453670501708984,1194800,60.70899963378906,61.813999557495116,62.78640007019043,,61.096855013308826,61.68227494945786,62.02550707145004,61.42643662294096,-0.9635802008799765
2023-09-06,60.36000061035156,60.68000030517578,59.63999938964844,59.95000076293945,57.788543701171875,3476000,60.61799964904785,61.6274995803833,62.779600067138674,,60.88833605869621,61.51729645550373,61.944114667194725,61.39720026927757,-1.1378605436245581
2023-09-07,59.65999984741211,60.029998779296875,58.88999938964844,59.029998779296875,56.90171432495117,3497500,60.36799964904785,61.403499603271484,62.74500007629395,,60.55045655335088,61.28041096253165,61.82983561276736,61.35032499224825,-1.53461546611241
2023-09-08,59.099998474121094,59.349998474121094,58.84000015258789,59.119998931884766,56.98847198486328,2261000,60.338999557495114,61.166999626159665,62.71240005493164,,60.29037334944795,61.074657435803374,61.72356750763471,61.3061601197658,0.15246511002717789
2023-09-11,59.599998474121094,60.40999984741211,59.36000061035156,60.29999923706055,58.12592697143555,3105100,60.4609992980957,60.9754997253418,62.688200073242186,,60.292123510832056,61.000880464494536,61.66774130094553,61.28623614189045,1.9959410123388643
2023-09-12,60.310001373291016,60.77000045776367,60.150001525878906,60.58000183105469,58.39583206176758,1729200,60.48899955749512,60.81499977111817,62.65960014343262,,60.34446502359981,60.960796785119314,61.625084851145886,61.27225130405211,0.4643492496465118
2023-09-13,60.81999969482422,61.4900016784668,60.619998931884766,61.06999969482422,58.8681640625,2151000,60.45699958801269,60.746999740600586,62.62520011901856,,60.47638041836788,60.97119706223407,61.60331680579994,61.268246321691166,0.8088442538117357
2023-09-14,61.70000076293945,62.189998626708984,61.4900016784668,62.119998931884766,59.880306243896484,1992500,60.50499954223633,60.74249973297119,62.61520011901855,,60.77522014809822,61.08060676410557,61.62357884996013,61.28511271001183,1.7193372233626159
2023-09-15,62.029998779296875,62.279998779296875,61.86000061035156,62.11000061035156,59.870670318603516,2871500,60.614999771118164,60.74849967956543,62.63880012512207,,61.01790750487156,61.17864427327185,61.64265421311274,61.301447123879946,-0.016095173382357775
2023-09-18,62.29999923706055,62.41999816894531,61.7400016784668,62.150001525878906,59.90922927856445,2207700,60.706999969482425,60.75999984741211,62.66400016784668,,61.223742781418345,61.27115448780585,61.66255018616239,61.31825018134527,0.06440334106303514
2023-09-19,62.54999923706055,62.54999923706055,61.560001373291016,61.689998626708984,59.46580505371094,1187400,60.81199989318848,60.76049976348877,62.67700012207031,,61.30851657147118,61.31104440579662,61.663626595595595,61.32561153669901,-0.7401494575641765
2023-09-20,61.90999984741211,62.4900016784668,61.59000015258789,61.619998931884766,59.39833450317383,2668600,60.97899971008301,60.79849967956543,62.678400115966795,,61.36514972791001,61.34046864637644,61.66191570682262,61.33144099006902,-0.11347008653346258
2023-09-21,61.209999084472656,61.63999938964844,60.68000030517578,60.68000030517578,58.492225646972656,1953200,61.143999862670896,60.75599975585938,62.64720008850097,,61.240577105594696,61.27756689959543,61.62340922048352,61.31854117452658,-1.5254765384661306
2023-09-22,61.09000015258789,61.349998474121094,60.52000045776367,60.63999938964844,58.453670501708984,2423900,61.295999908447264,60.81749973297119,62.59020004272461,,61.131381157240824,61.21684618436238,61.58484412907823,61.305104703538895,-0.06592108656257034
2023-09-25,60.36000061035156,61.31999969482422,60.20000076293945,61.22999954223633,59.02239227294922,3581700,61.388999938964844,60.92499961853027,62.54620002746582,,61.14931177269455,61.21809888511228,61.57092865508443,61.30361747262201,0.9729554065407875
2023-09-26,60.75,61.04999923706055,60.029998779296875,60.189998626708984,58.01988983154297,1621800,61.349999618530276,60.9194995880127,62.47220001220703,,60.97489120069717,61.12018457478816,61.51677453632461,61.281565614287096,-1.6985153083497129
2023-09-27,60.33000183105469,60.529998779296875,59.689998626708984,60.16999816894531,58.0006103515625,3057200,61.259999465942386,60.85849952697754,62.38459991455078,,60.828547013105926,61.02969063137456,61.46395977681954,61.25955437774567,-0.033228872271140464
2023-09-28,60.400001525878906,61.20000076293945,60.279998779296875,60.7400016784668,58.55006408691406,2001900,61.121999740600586,60.81349964141846,62.2923999786377,,60.81244786135335,61.0021012072881,61.435569263158655,61.24926620548272,0.9473217996800232
2023-09-29,61.43000030517578,61.439998626708984,60.189998626708984,60.2599983215332,58.08736801147461,2015200,60.93699951171875,60.77599964141846,62.19519989013672,,60.71200249047695,60.931424741978105,61.38946844191844,61.229676742434215,-0.7902590445659552
2023-10-02,60.189998626708984,60.25,58.7400016784668,58.81999969482422,56.69928741455078,3409300,60.603999328613284,60.655499649047854,62.066399841308595,,60.36800198217645,60.73033664224916,61.288704961640235,61.181960365253815,-2.3896426598379428
2023-10-03,58.25,58.40999984741211,57.650001525878906,58.099998474121094,56.005245208740234,12850800,60.24499931335449,60.528499603271484,61.91739974975586,,59.955637707984565,60.47982824528459,61.16365764840419,61.12093141691455,-1.2240755260773617
2023-10-04,58.13999938964844,58.2400016784668,56.9900016784668,57.810001373291016,55.72570037841797,4132100,59.86399955749512,60.42149963378906,61.779599838256836,,59.56552201076755,60.22555901938044,61.03214171604681,61.055368445753686,-0.49913443794538104
2023-10-05,57.16999816894531,57.970001220703125,57.06999969482422,57.939998626708984,56.53459167480469,3202300,59.58999938964844,60.36699962615967,61.63599975585937,,59.269972304575084,60.00788660103078,60.910881202739446,60.993677954287456,0.22486983277953954
2023-10-06,57.84000015258789,58.7400016784668,56.86000061035156,58.400001525878906,56.983436584472656,3715000,59.36599960327148,60.330999755859374,61.50659973144531,,59.111795799357594,59.85475468911156,60.812415333058645,60.94231802501204,0.7939297723039251
2023-10-09,57.810001373291016,58.459999084472656,57.58000183105469,58.380001068115234,56.96392059326172,1244500,59.080999755859374,60.23499984741211,61.37359977722168,,58.97874221185898,59.71430196330238,60.71702653835498,60.891579075370515,-0.034247358289551943
2023-10-10,58.75,59.630001068115234,58.720001220703125,59.310001373291016,57.87136459350586,3172500,58.99300003051758,60.17149982452393,61.24099975585938,,59.038971150301165,59.67579714520606,60.66184908090149,60.86026070503231,1.5930117988362191
2023-10-11,59.58000183105469,60.310001373291016,59.380001068115234,59.880001068115234,58.42753601074219,3655200,58.96400032043457,60.111999893188475,61.13299980163574,,59.19188568081281,59.69524513786408,60.63118837451772,60.84084962311316,0.9610515623439175
2023-10-12,59.779998779296875,59.91999816894531,58.7400016784668,59.09000015258789,57.65669631958008,1989000,58.79900016784668,59.960499954223636,61.02719985961914,,59.17336103931736,59.63760275831396,60.570749620716555,60.80617933656811,-1.3193067826246296
2023-10-13,59.400001525878906,59.84000015258789,58.720001220703125,58.81999969482422,57.393245697021484,1648400,58.65500030517578,59.795999908447264,60.916399841308596,,59.109113522136795,59.55973579988637,60.50209276087764,60.76684904663258,-0.45693088012599414
2023-10-16,59.290000915527344,59.86000061035156,58.93000030517578,59.689998626708984,58.24214553833008,1513100,58.74200019836426,59.67299976348877,60.81919975280762,,59.214728995695374,59.572141783393285,60.47024593208671,60.74552527594103,1.4790869370938209
2023-10-17,59.04999923706055,60.2400016784668,58.970001220703125,59.939998626708984,58.486080169677734,2182800,58.92600021362305,59.58549976348877,60.72219970703125,,59.34659620133421,59.607175768470974,60.449451920111116,60.729574253183955,0.41883063453134195
2023-10-18,59.52000045776367,59.7400016784668,58.61000061035156,58.619998931884766,57.198097229003906,2644800,59.00699996948242,59.43549976348877,60.62099967956543,,59.21448760688885,59.513158926891336,60.377708665670866,60.68780048444536,-2.2022017435216146
2023-10-19,58.5099983215332,59.189998626708984,58.209999084472656,58.2400016784668,56.82731628417969,1882400,59.037000274658205,59.31349983215332,60.515599746704105,,59.03730834717575,59.39190585561281,60.29387701911384,60.63932922096063,-0.6482382469155556
2023-10-20,58.0099983215332,58.22999954223633,57.380001068115234,57.400001525878906,56.0076904296875,6069800,58.9370002746582,59.15149993896485,60.38659980773926,,58.739616197849045,59.202200681352444,60.180391705653655,60.575184118087726,-1.4423079127390603
2023-10-23,57.130001068115234,58.529998779296875,56.9900016784668,57.369998931884766,55.97842025756836,4795200,58.83600006103516,58.958499908447266,60.2513998413086,,58.490594876764625,59.027705276641235,60.070180224329384,60.51171510449955,-0.05226932612643065
2023-10-24,57.45000076293945,57.52000045776367,55.439998626708984,55.939998626708984,54.58310317993164,6184100,58.498999786376956,58.74599990844727,60.094399795532226,,58.02685010402723,58.73363797664769,59.90821231854035,60.42118606533538,-2.4925925253608927
2023-10-25,55.47999954223633,56.25,55.220001220703125,55.77000045776367,54.41722869873047,5716500,58.087999725341795,58.526000022888184,59.96119979858398,,57.61651380470658,58.45138678437303,59.74592950047067,60.32908338003693,-0.3038937667476871
2023-10-26,55.599998474121094,56.220001220703125,55.31999969482422,55.970001220703125,54.61237716674805,4216800,57.77599983215332,58.2875,59.83639984130859,,57.31714788034232,58.2150643497378,59.59785388165626,60.242764921436255,0.358617108298076
2023-10-27,55.959999084472656,56.220001220703125,54.689998626708984,54.900001525878906,53.56833267211914,3470000,57.38400001525879,58.019500160217284,59.694599838256835,,56.87766672498533,57.899344080798855,59.413624377508135,60.13696762647472,-1.9117378443587185
2023-10-30,55.47999954223633,56.16999816894531,55.310001373291016,55.83000183105469,54.47577667236328,2293100,56.99800033569336,57.87000026702881,59.572799911499025,61.08810001373291,56.68718219881612,57.70226386653751,59.27309016000016,60.05168117508026,1.6939895798316007
2023-10-31,55.95000076293945,55.970001220703125,55.34000015258789,55.84000015258789,54.485530853271484,1657700,56.58800048828125,57.75700035095215,59.45599990844727,61.054800033569336,56.53314909950189,57.52490541758992,59.13845917931733,59.96828155087249,0.017908510129482913
2023-11-01,56.029998779296875,56.459999084472656,55.5099983215332,55.90999984741211,54.5538330078125,4049400,56.31700057983399,57.662000274658205,59.35699989318848,61.021200027465824,56.41984923548556,57.37110488709679,59.01185293100732,59.88791953694258,0.12535761932832568
2023-11-02,56.650001525878906,58.15999984741211,56.63999938964844,58.08000183105469,56.671199798583984,3390700,56.30100059509277,57.669000434875485,59.287999954223636,61.012100028991696,56.72169516195267,57.438618881759446,58.97530975061702,59.85211918633094,3.8812412619654513
2023-11-03,58.880001068115234,59.56999969482422,58.650001525878906,59.22999954223633,57.79330062866211,6883900,56.48400039672852,57.71050033569336,59.28439994812012,61.00480003356934,57.177750503822416,57.609226563709626,58.98529758558249,59.83979998545778,1.9800235449833448
2023-11-06,59.470001220703125,59.900001525878906,58.95000076293945,59.38999938964844,57.94942092895508,2075700,56.686000442504884,57.76100025177002,59.29059989929199,60.999100036621094,57.5799775739726,57.778823975703794,59.00116824456546,59.83089304296651,0.27013312282404556
2023-11-07,58.970001220703125,59.02000045776367,58.4900016784668,58.790000915527344,57.363975524902344,1595100,56.97100067138672,57.73500022888184,59.260399932861326,60.97720005035401,57.799981817891634,57.87512654140127,58.99288717283848,59.810281317670686,-1.0102685305392933
2023-11-08,58.66999816894531,59.09000015258789,58.380001068115234,58.689998626708984,57.26639938354492,1608000,57.26300048828125,57.675500106811526,59.20639991760254,60.95250003814697,57.961803055858425,57.95273340666867,58.98100919063733,59.78809750200807,-0.17010084582589347
2023-11-09,59.04999923706055,59.70000076293945,58.810001373291016,58.970001220703125,57.53961181640625,3332200,57.56300048828125,57.66950016021728,59.15299995422363,60.93610004425049,58.145111813102915,58.049616055624334,58.98057750554187,59.771897575645596,0.47708740934730987
2023-11-10,59.09000015258789,59.47999954223633,58.72999954223633,59.400001525878906,57.95918273925781,1830300,58.01300048828125,57.69850025177002,59.12080001831055,60.92410007476806,58.373273579062186,58.17822419564858,58.997025506339405,59.76453329743239,0.7291848334315842
2023-11-13,59.220001220703125,60.150001525878906,59.18000030517578,59.849998474121094,58.39826202392578,1909800,58.41500015258789,57.70650024414063,59.09319999694824,60.924700050354005,58.64176901452744,58.33744079359834,59.03047542664457,59.7662256771688,0.757570600475721
2023-11-14,60.599998474121094,61.29999923706055,60.599998474121094,61.04999923706055,59.569156646728516,2222400,58.93600006103516,57.762000274658206,59.101399993896486,60.94390003204346,59.079629054988004,58.59577969297569,59.109672438817746,59.79164693578051,2.0050138571988896
2023-11-15,61.38999938964844,61.72999954223633,61.189998626708984,61.290000915527344,59.80333709716797,1692900,59.47400016784668,57.895500373840335,59.12819999694824,60.95390003204346,59.48151484781334,58.852372190361564,59.195175516335766,59.821317311617086,0.39312314736459353
2023-11-16,61.0,61.189998626708984,60.66999816894531,60.900001525878906,59.422794342041016,1341400,59.7560001373291,58.028500366210935,59.165600051879885,60.95530006408691,59.739421516552525,59.047384508029886,59.26203143827863,59.84267739506782,-0.6363181331746959
2023-11-17,61.27000045776367,61.849998474121094,61.27000045776367,61.81999969482422,60.32048034667969,1703400,60.01500015258789,58.2495002746582,59.21960006713867,60.96600006103515,60.11770845805646,59.31144309724839,59.36234391892748,59.881832292092696,1.5106701903026432
2023-11-20,61.68000030517578,62.130001068115234,61.400001525878906,62.0099983215332,60.50586700439453,1629300,60.27700004577637,58.481500244140626,59.253800048828126,60.971000061035156,60.461761160506775,59.56844835670409,59.46617350334339,59.92397419366577,0.30734168173232046
2023-11-21,62.060001373291016,62.33000183105469,61.43000030517578,61.4900016784668,59.99848556518555,2281500,60.547000122070315,58.75900039672852,59.272000045776366,60.96580009460449,60.648713981954046,59.7514534349672,59.54553931413255,59.95498463890936,-0.8385690326423334
2023-11-22,60.93000030517578,61.029998779296875,60.279998779296875,60.91999816894531,59.44230651855469,3454500,60.77000007629395,59.016500282287595,59.26900001525879,60.94710006713867,60.698038379588816,59.86274340963178,59.5994396613801,59.97409381772195,-0.926985678910941
2023-11-24,60.970001220703125,61.540000915527344,60.779998779296875,61.4900016784668,59.99848556518555,847100,61.02200012207031,59.29250030517578,59.25640007019043,60.935800094604495,60.84203170665754,60.01772038761607,59.67357934832469,60.004111795162444,0.9356591048160112
2023-11-27,61.0,61.150001525878906,60.58000183105469,61.0,59.52036666870117,1517700,61.18199996948242,59.597500228881835,59.2342000579834,60.93650009155274,60.870753214537984,60.11127082689073,59.72559584446881,60.02383235367408,-0.7968802489696336
2023-11-28,60.56999969482422,61.0,60.099998474121094,60.88999938964844,59.41303634643555,1524300,61.28600006103515,59.85050010681152,59.20900001525879,60.93650009155274,60.874252519103514,60.185435451915275,59.77125872859351,60.04098417616863,-0.1803288694287919
2023-11-29,60.93000030517578,61.779998779296875,60.83000183105469,61.29999923706055,59.81309127807617,1600400,61.31100006103516,60.12350006103516,59.20120002746582,60.939100074768064,60.951661013277516,60.29158438383387,59.83120933676869,60.06591516747342,0.6733451330626972
2023-11-30,61.33000183105469,61.650001525878906,60.08000183105469,60.9900016784668,59.51061248779297,3383200,61.2810001373291,60.37750015258789,59.188600082397464,60.933500099182126,60.95863204331192,60.358100316656056,59.87665217369803,60.08421391026537,-0.5057056483719014
2023-12-01,60.959999084472656,61.189998626708984,60.43000030517578,60.70000076293945,59.22764587402344,4463000,61.261000061035155,60.50850009918213,59.189000091552735,60.918100090026854,60.91160817415329,60.39066226392114,59.90894035366828,60.09640770932822,-0.47548927290771426
2023-12-04,60.20000076293945,61.0099983215332,59.9900016784668,60.72999954223633,59.256919860839844,2909500,61.15200004577637,60.58350009918213,59.19080009460449,60.89050006866455,60.87858842289565,60.42298009995116,59.941138753219974,60.10895408225709,0.04942138207548741
2023-12-05,60.33000183105469,60.869998931884766,60.09000015258789,60.33000183105469,58.86661911010742,2260900,60.98400039672852,60.63050022125244,59.17280014038086,60.859500083923336,60.77884540619729,60.41412502672292,59.95638828568408,60.1133312654016,-0.6586492906252239
2023-12-06,60.650001525878906,61.11000061035156,60.45000076293945,60.4900016784668,59.022743225097656,2227700,60.88400039672852,60.71550025939941,59.17880020141602,60.825500106811525,60.72632836479175,60.42135137450805,59.977314301087326,60.12079008546229,0.26520776157137327
2023-12-07,60.36000061035156,60.5099983215332,58.709999084472656,59.349998474121094,57.91039276123047,7663100,60.7270004272461,60.74850025177002,59.16240020751953,60.77350006103516,60.476086566487986,60.319317764947385,59.95271368042198,60.105526885237715,-1.8846142713061287
2023-12-08,59.5099983215332,60.11000061035156,59.09000015258789,59.619998931884766,58.1738395690918,4397400,60.54000015258789,60.7810001373291,59.14000015258789,60.716200065612796,60.320434269287404,60.252715971322374,59.93966604322444,60.09591247031983,0.45492917389273746
2023-12-11,59.77000045776367,60.29999923706055,59.5099983215332,60.25,58.7885627746582,5476100,60.46500015258789,60.823500061035155,59.139800186157224,60.667500038146976,60.30762803850787,60.25245730738691,59.95183600231368,60.09896370853132,1.056694195575214
2023-12-12,60.13999938964844,60.16999816894531,59.380001068115234,59.630001068115234,58.183597564697266,3189600,60.33900032043457,60.812500190734866,59.156000213623045,60.61120002746582,60.18442313480012,60.19317576078961,59.93921502450197,60.089677319612186,-1.0290438703481564
2023-12-13,59.75,61.189998626708984,59.22999954223633,61.189998626708984,59.70576095581055,4227400,60.32800025939942,60.81950016021729,59.2178002166748,60.56759998321533,60.36725504241991,60.28811127182955,59.988265361843425,60.11146586034677,2.616128677931373
2023-12-14,61.81999969482422,62.9900016784668,61.810001373291016,62.91999816894531,61.393795013427734,7555400,60.520999908447266,60.901000022888184,59.32000015258789,60.54979999542236,60.83139015633362,60.53876716679295,60.10323527584742,60.16708036150714,2.8272586714541914
2023-12-15,63.439998626708984,63.439998626708984,62.369998931884766,62.400001525878906,60.886409759521484,3082200,60.69099998474121,60.976000022888186,59.40920021057129,60.52259998321533,61.11659222352367,60.71602758194399,60.193304540554536,60.21129662218777,-0.8264409698013231
2023-12-18,62.209999084472656,62.529998779296875,61.95000076293945,61.970001220703125,60.46684265136719,1984600,60.81500015258789,60.98350009918213,59.48060020446778,60.49359996795654,61.27175749573811,60.83545364277819,60.26297892016821,60.246122455821734,-0.6891030363155526
2023-12-19,62.349998474121094,63.5,62.22999954223633,63.45000076293945,61.91094207763672,2828000,61.12700004577637,61.055500221252444,59.582000198364256,60.47779998779297,61.66780172613834,61.08445813041259,60.38796016890434,60.309565590616145,2.38825159445355
2023-12-20,63.20000076293945,63.540000915527344,62.33000183105469,62.36000061035156,60.84737777709961,2959700,61.31399993896484,61.09900016784668,59.64300018310547,60.441999969482424,61.79365606872256,61.20593836659726,60.46529508817679,60.350168264274274,-1.7178883206957374
2023-12-21,62.88999938964844,63.880001068115234,62.869998931884766,63.79999923706055,62.2524528503418,3403600,61.75900001525879,61.243000221252444,59.72140014648438,60.42719997406006,62.1584457356931,61.45299178283185,60.596067799897725,60.4184817488839,2.309170321704501
2023-12-22,63.81999969482422,64.6500015258789,63.81999969482422,64.18000030517578,62.623233795166016,1931600,62.21500015258789,61.37750015258789,59.823200149536135,60.42520000457764,62.52600111196267,61.71270688019794,60.73661417265373,60.49296726485007,0.5956129665507737
2023-12-26,64.29000091552734,64.77999877929688,64.05999755859375,64.76000213623047,63.18916702270508,650900,62.66600036621094,61.565500259399414,59.942000198364255,60.42920001983643,62.93218311637499,62.00292547601056,60.894394092793995,60.57746300487741,0.9037111690507693
2023-12-27,64.54000091552734,65.08000183105469,64.54000091552734,64.80000305175781,63.22819900512695,5171800,63.183000564575195,61.76100044250488,60.044200286865234,60.43170001983643,63.27178674099005,62.26931381655791,61.047555228439634,60.66107765927108,0.06176793423076088
2023-12-28,64.68000030517578,65.05000305175781,64.25,64.44000244140625,62.876930236816406,2547900,63.50800094604492,61.91800060272217,60.13420036315918,60.428200035095216,63.48418959561117,62.47604606654347,61.18059237404617,60.73590785297672,-0.5555564712921623
2023-12-29,64.30000305175781,64.8499984741211,64.11000061035156,64.62000274658203,63.05256271362305,1290600,63.678001403808594,62.09950065612793,60.25420043945312,60.43760005950928,63.690701077605866,62.68023241702333,61.31547121218483,60.81282062314712,0.27933007193698955
2024-01-02,64.04000091552734,64.69000244140625,63.869998931884766,64.2699966430664,62.7110481262207,2668400,63.86500091552735,62.27800045013428,60.37480033874512,60.44520004272461,63.79602754405323,62.83163853378934,61.43133495457235,60.88127955423463,-0.5416374011747327
2024-01-03,63.849998474121094,63.93000030517578,63.310001373291016,63.599998474121094,62.05730438232422,2501900,64.02800064086914,62.42150039672852,60.49880027770996,60.44270004272461,63.76038589497466,62.90481567096379,61.51638058278995,60.9351155724502,-1.0424742553920674
2024-01-04,63.630001068115234,64.37000274658203,63.45000076293945,64.0999984741211,62.54517364501953,1279100,64.0930004119873,62.61000022888184,60.63340026855469,60.44240005493164,63.822133636637645,63.01864260459782,61.617698931469604,60.99778652099814,0.786163540874063
2024-01-05,64.0999984741211,64.86000061035156,63.939998626708984,64.41999816894531,62.8574104309082,8294700,64.29900016784669,62.80650005340576,60.80300025939941,60.44870002746582,63.930836278875404,63.15210503929758,61.72759301921375,61.065553088284226,0.49921950458924336
2024-01-08,64.27999877929688,65.12000274658203,64.20999908447266,65.05000305175781,63.47213363647461,1676500,64.4240005493164,63.0915002822876,60.9886003112793,60.47490005493164,64.1343211466722,63.33285723096046,61.85788360872529,61.144453087560926,0.977964763613115
2024-01-09,63.810001373291016,63.970001220703125,61.93000030517578,61.97999954223633,61.1953239440918,6263800,64.20400047302246,63.209500312805176,61.10880027770996,60.472600059509276,63.74262630950204,63.204013641558156,61.86267246886298,61.16099856191094,-4.719451753259407
2024-01-10,61.900001525878906,62.33000183105469,61.189998626708984,61.22999954223633,60.45481872558594,2600000,63.851000213623045,63.258500289916995,61.23540023803711,60.465000038146975,63.28578507909009,63.0160122987656,61.837861765858015,61.16236491795698,-1.2100677727319264
2024-01-11,61.0,61.209999084472656,59.79999923706055,60.29999923706055,59.536590576171875,3226700,63.40099983215332,63.292000198364256,61.324800186157226,60.448800048828126,62.74291492599381,62.75734438812703,61.77755343139537,61.14528836982041,-1.5188638120669395
2024-01-12,60.470001220703125,60.95000076293945,59.88999938964844,60.04999923706055,59.289756774902344,2268600,62.96199951171875,63.23500022888184,61.40900016784668,60.43250003814697,62.2532938916423,62.499501992787366,61.70980620808812,61.12359947610239,-0.41459370342139534
2024-01-16,60.04999923706055,60.310001373291016,59.439998626708984,59.61000061035156,58.85532760620117,2386800,62.4609992980957,63.06950035095215,61.48300018310547,60.42000003814697,61.7726951132258,62.224311384936335,61.627460890529825,61.09362722133505,-0.7327204534541165
2024-01-17,59.099998474121094,59.40999984741211,58.58000183105469,59.11000061035156,58.36166000366211,2991400,61.94499969482422,62.90500030517578,61.503600158691405,60.39580005645752,61.28856883997594,61.927710358785404,61.52873695797382,61.05434748646409,-0.8387854300963893
2024-01-18,59.33000183105469,59.5,58.90999984741211,59.43000030517578,58.677608489990234,1829000,61.52799987792969,62.77800025939941,61.507600173950195,60.39600006103515,60.95064728819409,61.689833210822584,61.446433559824875,61.02218219574551,0.5413630375909362
2024-01-19,59.52000045776367,60.47999954223633,59.2400016784668,60.41999816894531,59.65507125854492,1740900,61.15999984741211,62.62650012969971,61.52820014953613,60.40940002441406,60.854165630148856,61.56889654016761,61.40618119155509,61.010257759571246,1.6658217376507523
2024-01-22,60.630001068115234,60.720001220703125,60.15999984741211,60.619998931884766,59.8525390625,5973600,60.77999992370606,62.539500045776364,61.564800109863285,60.4126000213623,60.81158986682811,61.47852533937876,61.375350514705275,61.002529861993295,0.3310174925530651
2024-01-23,60.63999938964844,61.029998779296875,60.11000061035156,60.54999923706055,59.78342819213867,1451500,60.32999954223633,62.37700004577637,61.602000122070315,60.40420001983642,60.76402793414309,61.39009428201513,61.3429837979349,60.99356885951938,-0.11547293971890804
2024-01-24,61.11000061035156,61.25,60.56999969482422,60.79999923706055,60.0302619934082,4215200,60.21199951171875,62.2079999923706,61.63860008239746,60.395800018310545,60.77056817103717,61.33389475392421,61.32169028574375,60.9897357976885,0.41288192097446164
2024-01-25,61.22999954223633,61.27000045776367,60.68000030517578,61.25,60.47456741333008,1723100,60.213999557495114,62.03249988555908,61.67560005187988,60.398200035095215,60.85773759448496,61.32590477736,61.31887890198909,60.99488954426893,0.7401328430694409
2024-01-26,61.130001068115234,61.5,60.939998626708984,61.150001525878906,60.37583541870117,3217300,60.29899978637695,61.849999809265135,61.70160011291504,60.39740005493164,60.910876491102044,61.30915208674275,61.31225625978869,60.99796106865725,-0.1632628148915849
2024-01-29,61.119998931884766,61.779998779296875,60.77000045776367,61.75,60.96823501586914,4807700,60.4689998626709,61.71549968719482,61.715600128173826,60.408500061035156,61.063444401810756,61.35113760229106,61.32942268097345,61.01285292868384,0.9811912659841493
2024-01-30,61.810001373291016,61.95000076293945,61.33000183105469,61.75,60.96823501586914,2334800,60.682999801635745,61.57199954986572,61.72480010986328,60.42650005340576,61.18827269239061,61.38912449731096,61.34591590917057,61.02744990039307,0.0
2024-01-31,61.54999923706055,61.90999984741211,60.66999816894531,60.72999954223633,59.96114730834961,1744500,60.84499969482422,61.39499969482422,61.72140007019043,60.44350006103516,61.104950301453464,61.32635069206575,61.32176232615355,61.02155979429096,-1.6518226036658645
2024-02-01,60.599998474121094,60.970001220703125,60.18000030517578,60.540000915527344,59.773555755615234,2284800,60.955999755859374,61.241999816894534,61.69580009460449,60.45770008087158,61.00223223128507,61.25146023715733,61.291105015932914,61.012023974909496,-0.3128579419416022
2024-02-02,60.130001068115234,60.33000183105469,59.7599983215332,60.2599983215332,59.49709701538086,3204500,60.93999977111817,61.04999980926514,61.66080009460449,60.45730007171631,60.86728061133019,61.157035292812175,61.250669459289796,60.99713237781294,-0.4625084072675034
2024-02-05,59.869998931884766,59.97999954223633,59.119998931884766,59.20000076293945,58.45051956176758,2542000,60.797999954223634,60.78899993896484,61.615000076293946,60.44350006103516,60.564138820713694,60.97065105187191,61.17025107904076,60.961545613161974,-1.75904013959286
2024-02-06,59.290000915527344,60.0,59.15999984741211,59.81999969482422,59.06267166137695,2742500,60.725,60.527499771118165,61.59300010681152,60.43100006103516,60.4288407978247,60.86106520834356,61.1173000443656,60.93894074349192,1.0472954795515799
2024-02-07,59.709999084472656,59.79999923706055,59.18000030517578,59.25,58.49988555908203,3009000,60.570000076293944,60.39099979400635,61.548200073242185,60.40230007171631,60.21450610731112,60.70763042659655,61.04407259164538,60.90549637233366,-0.9528580704314837
2024-02-08,59.060001373291016,59.22999954223633,58.41999816894531,59.08000183105469,58.33203887939453,2581000,60.353000259399415,60.28349990844727,61.50980010986328,60.37200008392334,60.00823260253722,60.55261817940209,60.96705020887712,60.86934796557566,-0.28691674083597407
2024-02-09,59.06999969482422,59.459999084472656,58.790000915527344,59.36000061035156,58.60849380493164,2163700,60.17400016784668,60.23649997711182,61.47920013427734,60.344100074768065,59.89037224032164,60.43903555377823,60.90402865599377,60.83945989913558,0.47393156841388784
2024-02-12,59.25,59.81999969482422,59.130001068115234,59.400001525878906,58.647987365722656,2091500,59.93900032043457,60.204000091552736,61.44120018005371,60.321200103759764,59.801213928604774,60.340079932073536,60.84504719991084,60.81095577293248,0.06738698638149021
2024-02-13,58.619998931884766,58.900001525878906,57.310001373291016,57.90999984741211,57.176849365234375,3628400,59.55500030517578,60.11900005340576,61.37960014343262,60.28410011291504,59.45735682293338,60.10864373353435,60.72994730373442,60.75351110113999,-2.5084202696823876
2024-02-14,58.290000915527344,58.790000915527344,58.22999954223633,58.65999984741211,57.917354583740234,3924300,59.34800033569336,60.09650001525879,61.33880012512207,60.2639001083374,59.312382827384056,59.97067764914176,60.64877289368257,60.712055432749345,1.2951131099571578
2024-02-15,58.959999084472656,59.91999816894531,58.90999984741211,59.7599983215332,59.0034294128418,4419900,59.27000007629395,60.11299991607666,61.31940010070801,60.25510009765625,59.3937674626839,59.95061295127428,60.6139189888924,60.693202816685655,1.8752104960491511
2024-02-16,59.790000915527344,60.099998474121094,59.61000061035156,59.939998626708984,59.181148529052734,3422800,59.238000106811526,60.08899993896485,61.311600036621094,60.24220008850098,59.49308221977937,59.949602063220446,60.587490739395015,60.67828788223067,0.3012053384059854
2024-02-20,59.72999954223633,60.099998474121094,59.4900016784668,59.650001525878906,58.89482498168945,4372300,59.28300018310547,60.04050006866455,61.29480003356934,60.23680011749268,59.52161300270656,59.92106867871173,60.55072645651203,60.6579257761643,-0.48381232478182934
2024-02-21,59.560001373291016,59.68000030517578,59.25,59.470001220703125,58.71710205078125,3214800,59.24800033569336,59.98650016784668,61.29720008850098,60.229800148010256,59.5122290423423,59.8781098731871,60.508345074715606,60.63440251764032,-0.3017607721228499
2024-02-22,59.86000061035156,60.25,59.650001525878906,60.02000045776367,59.26013946533203,3532600,59.32500038146973,59.947500228881836,61.30520011901856,60.22260013580322,59.604551117873456,59.891623262194386,60.489194305423375,60.62223614021701,0.9248347499092979
2024-02-23,60.22999954223633,60.58000183105469,60.099998474121094,60.439998626708984,59.67481994628906,2907900,59.46100006103516,59.90700016021729,61.30900009155273,60.22440013885498,59.756450664934455,59.94384948738625,60.48726506312085,60.618627476583185,0.6997636883406377
2024-02-26,60.20000076293945,60.31999969482422,59.290000915527344,59.779998779296875,59.02317428588867,2411700,59.50299987792969,59.838500022888184,61.312000045776365,60.23400012969971,59.76073214027308,59.928244658044406,60.45952913042187,60.602020967726034,-1.091991830589567
2024-02-27,59.779998779296875,60.0,59.38999938964844,59.650001525878906,58.89482498168945,1761400,59.52799987792969,59.73350009918213,61.281200103759765,60.24950016021729,59.74059930129232,59.901745312123886,60.42778294985156,60.58316909759045,-0.21745944475158874
2024-02-28,59.279998779296875,59.849998474121094,59.25,59.40999984741211,58.657859802246094,1430100,59.677999877929686,59.61650009155274,61.2110001373291,60.265500144958494,59.68049030967774,59.85491241072277,60.3878698870108,60.55993802332949,-0.4023498278749815
2024-02-29,60.5,60.75,59.29999923706055,60.0,59.24039077758789,2660000,59.81199989318848,59.58000011444092,61.16300010681152,60.286100158691404,59.73858298064542,59.86873027636822,60.372659303206454,60.548850141679395,0.9930990643043813
2024-03-01,59.75,60.369998931884766,59.349998474121094,59.9900016784668,59.23051834106445,2336700,59.83500022888184,59.55250015258789,61.123400115966795,60.30200016021728,59.784295471158394,59.88027993371094,60.357653121844116,60.537783835477164,-0.016663869222000027
2024-03-04,59.849998474121094,59.970001220703125,59.040000915527344,59.08000183105469,58.33203887939453,2146700,59.749000549316406,59.493500328063966,61.036000137329104,60.309000167846676,59.65624208204863,59.80406297155319,60.307549149656296,60.508916865092566,-1.5169191897835055
2024-03-05,59.099998474121094,59.720001220703125,59.0099983215332,59.2400016784668,58.490013122558594,3238400,59.708000564575194,59.49550037384033,60.973600158691404,60.308300170898434,59.580562008670114,59.75034284840211,60.265684542942985,60.48378983169403,0.2708189614984091
2024-03-06,59.72999954223633,60.5099983215332,59.59000015258789,60.400001525878906,59.63533020019531,4098900,59.80100059509277,59.52450046539307,60.905600204467774,60.31350017547607,59.72955101179898,59.8122151033999,60.270951875607146,60.482130657321456,1.958136081271844
2024-03-07,60.68000030517578,60.93000030517578,60.34000015258789,60.79999923706055,60.0302619934082,3518400,59.87900047302246,59.6020004272461,60.83800018310547,60.3306001663208,59.92417796184654,59.90628978279615,60.29169883095826,60.48842508464302,0.6622478494644701
2024-03-08,60.959999084472656,61.0,60.130001068115234,60.33000183105469,59.56621551513672,1839500,59.86800079345703,59.6645004272461,60.74940017700195,60.34570018768311,59.99796411988438,59.946643311201726,60.29320090939341,60.48528799051256,-0.7730220590518866
2024-03-11,60.040000915527344,60.560001373291016,59.970001220703125,60.4900016784668,59.72418975830078,1231900,59.93900108337402,59.72100048065185,60.66320014953613,60.353700218200686,60.08742549417209,59.99839172713173,60.30091858661198,60.48538133086809,0.26520776157137327
2024-03-12,60.599998474121094,60.720001220703125,60.09000015258789,60.41999816894531,59.65507125854492,1405100,60.016000747680664,59.772000312805176,60.58280006408691,60.358500213623046,60.14789325322177,60.03854472159017,60.30558837415447,60.484086614790414,-0.11572740548692062
2024-03-13,60.65999984741211,61.02000045776367,60.47999954223633,60.810001373291016,60.040138244628906,1381800,60.15600090026855,59.91700038909912,60.506600036621094,60.38040023803711,60.26827654777981,60.11201678365692,60.32536927608139,60.49054037238449,0.645486951613572
2024-03-14,60.75,60.86000061035156,59.709999084472656,60.04999923706055,59.289756774902344,1547300,60.16100082397461,59.986500358581544,60.42220008850098,60.398500213623045,60.22858976401267,60.10611035064774,60.31457045102175,60.481816785546386,-1.2497979264382564
2024-03-15,59.939998626708984,60.459999084472656,59.77000045776367,60.060001373291016,59.29963302612305,2248300,60.16800079345703,60.00150051116943,60.35140014648437,60.42510021209717,60.197937329336,60.10171901947091,60.304587349934266,60.47346400510568,0.016656346973431546
2024-03-18,60.119998931884766,60.15999984741211,59.209999084472656,59.2599983215332,58.50975799560547,2216000,60.186000442504884,59.96750049591064,60.25460014343262,60.44400020599365,60.02740296428094,60.021555143476846,60.2636230743107,60.4494349816686,-1.332006382726425
2024-03-19,59.06999969482422,59.720001220703125,59.060001373291016,59.540000915527344,58.786216735839844,2003600,60.216000366210935,59.96200046539307,60.15700019836426,60.480000228881835,59.938784409962096,59.975692836053085,60.23524573475057,60.431426386299464,0.4724984845171587
2024-03-20,59.290000915527344,60.2400016784668,59.189998626708984,60.130001068115234,59.36874771118164,2240400,60.18900032043457,59.99500045776367,60.058600158691405,60.52360023498535,59.97355107508085,59.99038885815425,60.23111849292174,60.4254575681176,0.99093070795373
2024-03-21,60.310001373291016,60.68000030517578,59.90999984741211,60.189998626708984,59.42798614501953,3971100,60.128000259399414,60.003500366210936,60.02280014038086,60.56580020904541,60.012905175376865,60.00939931230232,60.22950594914869,60.42079501482238,0.09977973977712828
2024-03-22,60.20000076293945,60.36000061035156,59.52000045776367,59.709999084472656,58.954063415527344,3831800,60.06599998474121,59.96700038909912,59.99240013122559,60.61390018463135,59.957831340667006,59.98088500488998,60.2091331309261,60.40671984788476,-0.7974739212293858
2024-03-25,59.790000915527344,60.130001068115234,59.540000915527344,59.599998474121094,58.845455169677734,3010200,59.97699966430664,59.958000373840335,59.9784001159668,60.65160015106201,59.89277081947684,59.9446100971977,60.18524549732591,60.39074516721617,-0.18422477313380092
2024-03-26,60.040000915527344,60.09000015258789,59.630001068115234,59.630001068115234,58.87507629394531,1981600,59.897999954223636,59.95700035095215,59.97000015258789,60.689500160217285,59.84499450104745,59.91464733252318,60.163471205984315,60.37568092763001,0.05033992409775312
2024-03-27,59.93000030517578,60.63999938964844,59.79999923706055,60.63999938964844,59.87228775024414,1946500,59.88099975585938,60.018500328063965,59.99060012817383,60.73680015563965,59.98954084442944,59.98372848082082,60.182158585735856,60.38091495658087,1.6937754543715045
2024-03-28,60.779998779296875,60.81999969482422,60.130001068115234,60.380001068115234,59.61558151245117,3079500,59.91399993896484,60.03750038146973,60.0160001373291,60.75980014801026,60.06053361237231,60.02146872722981,60.18991711445661,60.38089685977957,-0.4287571308544291
2024-04-01,60.36000061035156,60.470001220703125,59.869998931884766,60.2400016784668,59.47735595703125,1911400,59.93199996948242,60.05000038146973,60.03220016479492,60.76990016937256,60.09316416984403,60.04228138925238,60.19188121500603,60.37810685618922,-0.23186384096035573
2024-04-02,60.08000183105469,60.15999984741211,59.189998626708984,59.380001068115234,58.62824249267578,1906800,59.944000244140625,60.06500034332275,60.01140022277832,60.76980018615723,59.963498151347885,59.9792070729536,60.16004277787305,60.35834238513824,-1.4276238153874021
2024-04-03,59.34000015258789,60.150001525878906,59.290000915527344,59.61000061035156,58.85532760620117,1791700,59.95100021362305,60.08350028991699,59.99120025634765,60.77800018310547,59.89922587116673,59.94404455270578,60.13847249679378,60.34352373613257,0.3873350254280039
2024-04-04,60.13999938964844,60.54999923706055,59.58000183105469,59.81999969482422,59.06267166137695,5610100,59.920000076293945,60.05450019836426,59.97660026550293,60.78930019378662,59.88482111183173,59.93223075671706,60.12598336730478,60.33315692343339,0.35228834477849524
2024-04-05,59.65999984741211,59.66999816894531,58.880001068115234,59.31999969482422,58.569000244140625,4395100,59.83300018310547,59.98050022125244,59.9470002746582,60.792800178527834,59.78212630873945,59.87392303653679,60.0943761644624,60.31309440405499,-0.8358408601651379
2024-04-08,58.72999954223633,59.189998626708984,58.66999816894531,58.77000045776367,58.77000045776367,8232700,59.73900032043457,59.90250015258789,59.897400283813475,60.78650016784668,59.59810342674385,59.76878755284411,60.04243986223892,60.28253808828685,-0.927173364615741
2024-04-09,59.16999816894531,59.40999984741211,58.619998931884766,59.06999969482422,59.06999969482422,2343300,59.686000442504884,59.83150005340576,59.855800247192384,60.77870018005371,59.50208456639482,59.70223632827079,60.00430495371286,60.25852742703016,0.5104632205612303
2024-04-10,58.43000030517578,58.540000915527344,57.27000045776367,57.58000183105469,57.58000183105469,3530700,59.48100051879883,59.68950023651123,59.772400283813475,60.74400020599365,59.152614978151156,59.50011875710736,59.909234243020386,60.205487316218765,-2.5224274106439237
2024-04-11,57.52000045776367,57.91999816894531,56.84000015258789,57.779998779296875,57.779998779296875,4076600,59.19500045776367,59.53800010681152,59.69300025939941,60.70890018463135,58.90304839654129,59.33629780683969,59.82573481307044,60.15745784024011,0.3473375162942771
2024-04-12,57.33000183105469,57.4900016784668,56.59000015258789,56.83000183105469,56.83000183105469,2637600,58.840000534057616,59.37700023651123,59.61500030517578,60.668200187683105,58.526130839180084,59.09760295200302,59.70825508828551,60.09156762223644,-1.6441622850684068
2024-04-15,57.380001068115234,57.560001373291016,56.349998474121094,56.56999969482422,56.56999969482422,2921700,58.47300033569336,59.20250015258789,59.53560028076172,60.6157001876831,58.17047063111538,58.85687883227171,59.58518624932625,60.02183360387184,-0.4575085832363879
2024-04-16,56.31999969482422,56.40999984741211,55.86000061035156,56.130001068115234,56.130001068115234,2805400,58.14800033569336,59.04600028991699,59.45300033569336,60.55690021514893,57.79947616511535,58.59717618806633,59.449688791239545,59.944767613064776,-0.7777949957267549
2024-04-17,56.7599983215332,57.11000061035156,56.27000045776367,56.81999969482422,56.81999969482422,2417600,57.86900024414062,58.910000228881835,59.405400314331054,60.5102001953125,57.62138953415332,58.42792128394803,59.34656372863502,59.88289102062437,1.2292866801688618
2024-04-18,56.939998626708984,57.43000030517578,56.81999969482422,57.25,57.25,2912300,57.6120002746582,58.76600017547607,59.35400032043457,60.47350021362305,57.55386416430726,58.31573830452441,59.26434554319835,59.83075456477042,0.7567763243317094
2024-04-19,57.31999969482422,58.22999954223633,57.13999938964844,58.09000015258789,58.09000015258789,3750400,57.48900032043457,58.66100025177002,59.33080032348633,60.43950019836426,57.65134343490374,58.294239432911404,59.21829278278226,59.79628418037076,1.467249174826013
2024-04-22,58.150001525878906,58.72999954223633,58.150001525878906,58.560001373291016,58.560001373291016,5891000,57.468000411987305,58.60350036621094,59.32040031433105,60.415100212097165,57.81655396915596,58.319550093899934,59.192477433390444,59.771803332705815,0.8090914433956709
2024-04-23,58.65999984741211,58.959999084472656,58.43000030517578,58.91999816894531,58.91999816894531,2028900,57.45300025939942,58.56950035095215,59.31160026550293,60.39540019989013,58.01718018729947,58.376735624856636,59.181791972039655,59.75493590372046,0.6147486120423595
2024-04-24,58.7400016784668,58.810001373291016,58.349998474121094,58.66999816894531,58.66999816894531,1594000,57.56199989318848,58.521500205993654,59.29700019836426,60.369100189208986,58.13587436578053,58.40466539096032,59.16172162682027,59.733451988180356,-0.42430415439450586
2024-04-25,58.13999938964844,59.150001525878906,58.119998931884766,59.11000061035156,59.11000061035156,5682200,57.695000076293944,58.44500026702881,59.321000213623044,60.35030017852783,58.3129882284298,58.47184017375948,59.15969335166463,59.72110641634216,0.7499615734420706
2024-04-26,59.18000030517578,59.439998626708984,58.900001525878906,59.380001068115234,59.380001068115234,2542600,57.95,58.395000267028806,59.33540023803711,60.337100181579586,58.50699056291806,58.558331687507646,59.16833286995681,59.714351854991136,0.4567762730091962
2024-04-29,59.2599983215332,59.5,58.959999084472656,59.33000183105469,59.33000183105469,1515000,58.226000213623045,58.349500274658205,59.32680030822754,60.32310020446777,58.65662897530653,58.631824082131175,59.174672829215545,59.70674096342803,-0.08420214914309776
2024-04-30,58.97999954223633,59.439998626708984,58.90999984741211,59.31999969482422,59.31999969482422,2183600,58.545000076293945,58.34650020599365,59.314400329589844,60.313000183105466,58.77724183340065,58.69736461667337,59.180371921984516,59.69908272048538,-0.0168584795580351
2024-05-01,59.08000183105469,59.40999984741211,58.68000030517578,58.689998626708984,58.689998626708984,2792200,58.73199996948242,58.300500106811526,59.29520027160645,60.29500015258789,58.761379432183986,58.696663093819616,59.1611415966796,59.679100857242275,-1.0620382187395805
2024-05-02,59.02000045776367,59.18000030517578,57.959999084472656,58.08000183105469,58.08000183105469,5516000,58.81500015258789,58.21350021362305,59.26740028381348,60.28230018615723,58.637492595615015,58.63793344974676,59.118743958811955,59.647435529991036,-1.0393539102532823
2024-05-03,58.29999923706055,58.560001373291016,54.119998931884766,54.65999984741211,54.65999984741211,8094500,58.47200012207031,57.98050022125244,59.16020027160644,60.2327001953125,57.91431209594175,58.25908263047679,58.94389124856098,59.54867442736571,-5.88843298178745
2024-05-06,54.20000076293945,55.900001525878906,54.18000030517578,54.970001220703125,54.970001220703125,5679500,58.113000106811526,57.790500259399415,59.05080032348633,60.17990020751953,57.37898284589836,57.945836781926914,58.78805242393911,59.45800763119417,0.5671448484383612
2024-05-07,55.13999938964844,55.7400016784668,55.08000183105469,55.31999969482422,55.31999969482422,3546800,57.753000259399414,57.603000259399415,58.961600341796874,60.13680019378662,57.00462227297579,57.6957570593457,58.65205035613068,59.37606687997892,0.636708143257736
2024-05-08,55.150001525878906,56.119998931884766,55.130001068115234,56.0099983215332,56.0099983215332,2318700,57.4870002746582,57.52450008392334,58.88880027770996,60.08500019073486,56.82378155453168,57.53520860812546,58.54844047242098,59.3094120570394,1.2472860276851128
2024-05-09,55.970001220703125,56.349998474121094,55.91999816894531,56.130001068115234,56.130001068115234,2358600,57.18900032043457,57.442000198364255,58.82320030212402,60.017100219726565,56.697639647910506,57.401379318600675,58.45359971146782,59.24645342359536,0.21425236596712693
2024-05-10,56.349998474121094,56.79999923706055,56.290000915527344,56.619998931884766,56.619998931884766,3927300,56.91300010681152,57.43150005340576,58.75560028076172,59.95930019378662,56.683523154087645,57.326962138913444,58.38169379854299,59.194444423759506,0.8729696320064262
2024-05-13,56.97999954223633,57.18000030517578,56.56999969482422,56.7599983215332,56.7599983215332,1988400,56.655999755859376,57.44099998474121,58.69100021362305,59.90720016479492,56.697427729986835,57.272965584877234,58.31809789748378,59.14623757025007,0.24726137811634796
2024-05-14,56.970001220703125,57.369998931884766,56.630001068115234,56.720001220703125,56.720001220703125,2761300,56.395999908447266,57.470499992370605,58.64380020141601,59.839900169372555,56.70153200102616,57.220302312098745,58.255427439570816,59.09819328610063,-0.07046705780979767
2024-05-15,56.900001525878906,57.119998931884766,56.52000045776367,56.88999938964844,56.88999938964844,1992200,56.21599998474121,57.473999977111816,58.59680015563965,59.78520015716553,56.735798798957475,57.188844890913,58.20188124153465,59.0544666742897,0.2997146778679127
2024-05-16,56.900001525878906,57.06999969482422,56.7400016784668,56.880001068115234,56.880001068115234,2016000,56.09599990844727,57.45550003051758,58.52640014648438,59.716000175476076,56.762017393349794,57.15943119350369,58.150042803361345,59.01140794941495,-0.017574831500211108
2024-05-17,57.02000045776367,57.380001068115234,56.720001220703125,57.2400016784668,57.2400016784668,2552800,56.354000091552734,57.41300010681152,58.4552001953125,59.64660018920898,56.84892362700743,57.16710457302399,58.11435491611058,58.97633059751499,0.6329124535712438
2024-05-20,57.2400016784668,57.400001525878906,56.79999923706055,56.810001373291016,56.810001373291016,805400,56.53800010681152,57.325500106811525,58.38480018615723,59.56710018157959,56.841846853604444,57.133094744477994,58.06320379678432,58.933432989114515,-0.7512234321571332
2024-05-21,56.66999816894531,57.38999938964844,56.61000061035156,56.86000061035156,56.86000061035156,1800800,56.692000198364255,57.222500228881835,58.31220016479492,59.48770015716553,56.84514753664937,57.10708577932309,58.016019358100685,58.89237492220832,0.08801132873066386
2024-05-22,56.54999923706055,56.66999816894531,55.9900016784668,56.099998474121094,56.099998474121094,2275500,56.70100021362305,57.094000244140624,58.22580017089844,59.404300117492674,56.70966588891696,57.01117270263719,57.94088128421913,58.83708033907788,-1.3366199930924916
2024-05-23,56.90999984741211,57.04999923706055,54.59000015258789,55.0099983215332,55.0099983215332,5549200,56.58899993896485,56.88900012969971,58.10980010986328,59.30820007324219,56.400635422119905,56.82058466634157,57.825944697447135,58.761296536750265,-1.9429593266222733
2024-05-24,55.459999084472656,56.81999969482422,55.400001525878906,56.560001373291016,56.560001373291016,2701000,56.58300018310547,56.748000144958496,58.04000015258789,59.23110012054443,56.42961104960556,56.795767209860564,57.77629986120572,58.71770653351345,2.8176751482485995
2024-05-28,56.52000045776367,56.58000183105469,55.38999938964844,55.529998779296875,55.529998779296875,2160700,56.46000022888184,56.557999992370604,57.949400100708004,59.15040012359619,56.26604518227671,56.67521783552117,57.688209622699496,58.65458360768738,-1.8210795066927465
2024-05-29,55.029998779296875,55.029998779296875,54.52000045776367,54.65999984741211,54.65999984741211,2644500,56.25400009155273,56.325,57.85740013122559,59.0560001373291,55.97403693957405,56.483292312844114,57.56945629817842,58.575482939167074,-1.5667188024666823
2024-05-30,54.65999984741211,55.29999923706055,54.650001525878906,54.959999084472656,54.959999084472656,2032100,56.06100006103516,56.13850002288818,57.765800094604494,58.96140014648437,55.789666420464705,56.338216767284926,57.46712464273898,58.50388919947016,0.5488460261581007
2024-05-31,55.15999984741211,55.95000076293945,55.0099983215332,55.91999816894531,55.91999816894531,2919300,55.964999771118165,56.03049983978271,57.68160003662109,58.87010009765625,55.81336310200663,56.298386424585914,57.4064530163157,58.45272304044986,1.746723254120064
2024-06-03,55.939998626708984,56.209999084472656,54.939998626708984,55.31999969482422,55.31999969482422,3775300,55.7729995727539,56.06349983215332,57.584200057983395,58.80350009918213,55.7236606643371,56.20520673603718,57.324631317433685,58.390688914793905,-1.07295867984184
2024-06-04,54.869998931884766,55.75,54.709999084472656,55.630001068115234,55.630001068115234,2314700,55.654999542236325,56.096499824523924,57.50260009765625,58.74750011444092,55.70663164684222,56.15042524385414,57.25817522922512,58.33602182872106,0.5603784797562517
2024-06-05,55.709999084472656,55.9900016784668,55.38999938964844,55.970001220703125,55.970001220703125,2116800,55.565999603271486,56.128999900817874,57.430000152587894,58.70420013427734,55.75451702390784,56.13324200355404,57.207658601439945,58.28916993549298,0.611181279992401
2024-06-06,55.869998931884766,56.279998779296875,55.72999954223633,56.04999923706055,56.04999923706055,1678300,55.56099967956543,56.13099994659424,57.358400115966795,58.664200134277344,55.80824106266287,56.12531412103085,57.16226019499369,58.244829921662635,0.14293016725508423
2024-06-07,55.4900016784668,55.810001373291016,55.470001220703125,55.59000015258789,55.59000015258789,1351800,55.6189998626709,56.10399990081787,57.25740013122559,58.62400012969971,55.76856089719469,56.074331838321996,57.100602938428764,58.1922590351463,-0.8206941850741445
